problem,size,solver,device,warm_start,rep,total_time_s,num_solved,num_samples,tol
qp,p32i16,batched,cpu,false,1,0.599817,424,1024,0.0001
qp,p32i16,batched,cpu,false,2,0.613425,424,1024,0.0001
qp,p32i16,batched,cpu,false,3,0.601105,424,1024,0.0001
qp,p32i16,batched,cpu,false,4,0.599712,424,1024,0.0001
qp,p32i16,batched,cpu,false,5,0.669222,424,1024,0.0001
qp,p32i16,batched,cpu,false,6,0.517992,424,1024,0.0001
qp,p32i16,batched,cpu,false,7,0.563071,424,1024,0.0001
qp,p32i16,batched,cpu,false,8,0.647179,424,1024,0.0001
qp,p32i16,batched,cpu,false,9,0.564534,424,1024,0.0001
qp,p32i16,batched,cpu,false,10,0.660265,424,1024,0.0001
qp,p32i16,batched,cpu,false,11,0.548362,424,1024,0.0001
qp,p32i16,batched,cpu,false,12,0.653945,424,1024,0.0001
qp,p32i16,batched,cpu,false,13,0.668498,424,1024,0.0001
qp,p32i16,batched,cpu,false,14,0.612879,424,1024,0.0001
qp,p32i16,batched,cpu,false,15,0.669736,424,1024,0.0001
qp,p32i16,batched,cpu,false,16,0.544749,424,1024,0.0001
qp,p32i16,batched,cpu,false,17,0.647662,424,1024,0.0001
qp,p32i16,batched,cpu,false,18,0.609009,424,1024,0.0001
qp,p32i16,batched,cpu,false,19,0.601602,424,1024,0.0001
qp,p32i16,batched,cpu,false,20,0.642311,424,1024,0.0001
qp,p32i16,batched,gpu,false,1,0.391049,424,1024,0.0001
qp,p32i16,batched,gpu,false,2,0.390667,424,1024,0.0001
qp,p32i16,batched,gpu,false,3,0.392199,424,1024,0.0001
qp,p32i16,batched,gpu,false,4,0.392625,424,1024,0.0001
qp,p32i16,batched,gpu,false,5,0.39231,424,1024,0.0001
qp,p32i16,batched,gpu,false,6,0.391284,424,1024,0.0001
qp,p32i16,batched,gpu,false,7,0.392235,424,1024,0.0001
qp,p32i16,batched,gpu,false,8,0.520424,424,1024,0.0001
qp,p32i16,batched,gpu,false,9,0.393688,424,1024,0.0001
qp,p32i16,batched,gpu,false,10,0.391159,424,1024,0.0001
qp,p32i16,batched,gpu,false,11,0.390996,424,1024,0.0001
qp,p32i16,batched,gpu,false,12,0.390398,424,1024,0.0001
qp,p32i16,batched,gpu,false,13,0.390686,424,1024,0.0001
qp,p32i16,batched,gpu,false,14,0.390681,424,1024,0.0001
qp,p32i16,batched,gpu,false,15,0.392124,424,1024,0.0001
qp,p32i16,batched,gpu,false,16,0.391825,424,1024,0.0001
qp,p32i16,batched,gpu,false,17,0.39149,424,1024,0.0001
qp,p32i16,batched,gpu,false,18,0.392622,424,1024,0.0001
qp,p32i16,batched,gpu,false,19,0.392119,424,1024,0.0001
qp,p32i16,batched,gpu,false,20,0.394684,424,1024,0.0001
game,T10,batched,cpu,false,1,0.474872,1024,1024,0.0001
game,T10,batched,cpu,false,2,0.507517,1024,1024,0.0001
game,T10,batched,cpu,false,3,0.302325,1024,1024,0.0001
game,T10,batched,cpu,false,4,0.570637,1024,1024,0.0001
game,T10,batched,cpu,false,5,0.433228,1024,1024,0.0001
game,T10,batched,cpu,false,6,0.282485,1024,1024,0.0001
game,T10,batched,cpu,false,7,0.442229,1024,1024,0.0001
game,T10,batched,cpu,false,8,0.279201,1024,1024,0.0001
game,T10,batched,cpu,false,9,0.44026,1024,1024,0.0001
game,T10,batched,cpu,false,10,0.298423,1024,1024,0.0001
game,T10,batched,cpu,false,11,0.40945,1024,1024,0.0001
game,T10,batched,cpu,false,12,0.453036,1024,1024,0.0001
game,T10,batched,cpu,false,13,0.297792,1024,1024,0.0001
game,T10,batched,cpu,false,14,0.417649,1024,1024,0.0001
game,T10,batched,cpu,false,15,0.351663,1024,1024,0.0001
game,T10,batched,cpu,false,16,0.348659,1024,1024,0.0001
game,T10,batched,cpu,false,17,0.430731,1024,1024,0.0001
game,T10,batched,cpu,false,18,0.284659,1024,1024,0.0001
game,T10,batched,cpu,false,19,0.443422,1024,1024,0.0001
game,T10,batched,cpu,false,20,0.298395,1024,1024,0.0001
game,T10,batched,gpu,false,1,0.81738,1024,1024,0.0001
game,T10,batched,gpu,false,2,0.823644,1024,1024,0.0001
game,T10,batched,gpu,false,3,0.819903,1024,1024,0.0001
game,T10,batched,gpu,false,4,0.819406,1024,1024,0.0001
game,T10,batched,gpu,false,5,0.820591,1024,1024,0.0001
game,T10,batched,gpu,false,6,1.015199,1024,1024,0.0001
game,T10,batched,gpu,false,7,0.82113,1024,1024,0.0001
game,T10,batched,gpu,false,8,0.817922,1024,1024,0.0001
game,T10,batched,gpu,false,9,0.817328,1024,1024,0.0001
game,T10,batched,gpu,false,10,0.817005,1024,1024,0.0001
game,T10,batched,gpu,false,11,0.816593,1024,1024,0.0001
game,T10,batched,gpu,false,12,0.949767,1024,1024,0.0001
game,T10,batched,gpu,false,13,0.821657,1024,1024,0.0001
game,T10,batched,gpu,false,14,0.818534,1024,1024,0.0001
game,T10,batched,gpu,false,15,0.819339,1024,1024,0.0001
game,T10,batched,gpu,false,16,0.818293,1024,1024,0.0001
game,T10,batched,gpu,false,17,0.818874,1024,1024,0.0001
game,T10,batched,gpu,false,18,0.941832,1024,1024,0.0001
game,T10,batched,gpu,false,19,0.819523,1024,1024,0.0001
game,T10,batched,gpu,false,20,0.818636,1024,1024,0.0001
game,T10,batched,cpu,true,1,0.261484,1024,1024,0.0001
game,T10,batched,cpu,true,2,0.409763,1024,1024,0.0001
game,T10,batched,cpu,true,3,0.384662,1024,1024,0.0001
game,T10,batched,cpu,true,4,0.269249,1024,1024,0.0001
game,T10,batched,cpu,true,5,0.395009,1024,1024,0.0001
game,T10,batched,cpu,true,6,0.261279,1024,1024,0.0001
game,T10,batched,cpu,true,7,0.393254,1024,1024,0.0001
game,T10,batched,cpu,true,8,0.398278,1024,1024,0.0001
game,T10,batched,cpu,true,9,0.258898,1024,1024,0.0001
game,T10,batched,cpu,true,10,0.267636,1024,1024,0.0001
game,T10,batched,cpu,true,11,0.383898,1024,1024,0.0001
game,T10,batched,cpu,true,12,0.392458,1024,1024,0.0001
game,T10,batched,cpu,true,13,0.247449,1024,1024,0.0001
game,T10,batched,cpu,true,14,0.389922,1024,1024,0.0001
game,T10,batched,cpu,true,15,0.327846,1024,1024,0.0001
game,T10,batched,cpu,true,16,0.323841,1024,1024,0.0001
game,T10,batched,cpu,true,17,0.386701,1024,1024,0.0001
game,T10,batched,cpu,true,18,0.259169,1024,1024,0.0001
game,T10,batched,cpu,true,19,0.385859,1024,1024,0.0001
game,T10,batched,cpu,true,20,0.25426,1024,1024,0.0001
game,T10,batched,gpu,true,1,0.527608,1024,1024,0.0001
game,T10,batched,gpu,true,2,0.532232,1024,1024,0.0001
game,T10,batched,gpu,true,3,0.529131,1024,1024,0.0001
game,T10,batched,gpu,true,4,0.528282,1024,1024,0.0001
game,T10,batched,gpu,true,5,0.529239,1024,1024,0.0001
game,T10,batched,gpu,true,6,0.549755,1024,1024,0.0001
game,T10,batched,gpu,true,7,0.653787,1024,1024,0.0001
game,T10,batched,gpu,true,8,0.529498,1024,1024,0.0001
game,T10,batched,gpu,true,9,0.53213,1024,1024,0.0001
game,T10,batched,gpu,true,10,0.529548,1024,1024,0.0001
game,T10,batched,gpu,true,11,0.529705,1024,1024,0.0001
game,T10,batched,gpu,true,12,0.529788,1024,1024,0.0001
game,T10,batched,gpu,true,13,0.529588,1024,1024,0.0001
game,T10,batched,gpu,true,14,0.693617,1024,1024,0.0001
game,T10,batched,gpu,true,15,0.529675,1024,1024,0.0001
game,T10,batched,gpu,true,16,0.531963,1024,1024,0.0001
game,T10,batched,gpu,true,17,0.529429,1024,1024,0.0001
game,T10,batched,gpu,true,18,0.529011,1024,1024,0.0001
game,T10,batched,gpu,true,19,0.529226,1024,1024,0.0001
game,T10,batched,gpu,true,20,0.529507,1024,1024,0.0001
qp,p32i16,batched,cpu,false,1,0.083542,23,64,0.0001
qp,p32i16,batched,cpu,false,2,0.055062,23,64,0.0001
qp,p32i16,batched,cpu,false,3,0.074918,23,64,0.0001
qp,p32i16,batched,cpu,false,4,0.053039,23,64,0.0001
qp,p32i16,batched,cpu,false,5,0.05494,23,64,0.0001
qp,p32i16,batched,cpu,false,6,0.077357,23,64,0.0001
qp,p32i16,batched,cpu,false,7,0.055541,23,64,0.0001
qp,p32i16,batched,cpu,false,8,0.070595,23,64,0.0001
qp,p32i16,batched,cpu,false,9,0.056779,23,64,0.0001
qp,p32i16,batched,cpu,false,10,0.065446,23,64,0.0001
qp,p32i16,batched,gpu,false,1,0.11163,23,64,0.0001
qp,p32i16,batched,gpu,false,2,0.106974,23,64,0.0001
qp,p32i16,batched,gpu,false,3,0.105387,23,64,0.0001
qp,p32i16,batched,gpu,false,4,0.104823,23,64,0.0001
qp,p32i16,batched,gpu,false,5,0.104702,23,64,0.0001
qp,p32i16,batched,gpu,false,6,0.10563,23,64,0.0001
qp,p32i16,batched,gpu,false,7,0.1042,23,64,0.0001
qp,p32i16,batched,gpu,false,8,0.104326,23,64,0.0001
qp,p32i16,batched,gpu,false,9,0.10509,23,64,0.0001
qp,p32i16,batched,gpu,false,10,0.105076,23,64,0.0001
qp,p32i16,path,na,false,1,0.381978,25,64,0.0001
qp,p32i16,path,na,false,2,0.24768,25,64,0.0001
qp,p32i16,path,na,false,3,0.258263,25,64,0.0001
qp,p32i16,batched,cpu,false,1,0.160448,98,256,0.0001
qp,p32i16,batched,cpu,false,2,0.155986,98,256,0.0001
qp,p32i16,batched,cpu,false,3,0.155445,98,256,0.0001
qp,p32i16,batched,cpu,false,4,0.15605,98,256,0.0001
qp,p32i16,batched,cpu,false,5,0.157089,98,256,0.0001
qp,p32i16,batched,cpu,false,6,0.156229,98,256,0.0001
qp,p32i16,batched,cpu,false,7,0.212304,98,256,0.0001
qp,p32i16,batched,cpu,false,8,0.222475,98,256,0.0001
qp,p32i16,batched,cpu,false,9,0.149553,98,256,0.0001
qp,p32i16,batched,cpu,false,10,0.155163,98,256,0.0001
qp,p32i16,batched,gpu,false,1,0.187004,98,256,0.0001
qp,p32i16,batched,gpu,false,2,0.17931,98,256,0.0001
qp,p32i16,batched,gpu,false,3,0.17925,98,256,0.0001
qp,p32i16,batched,gpu,false,4,0.179259,98,256,0.0001
qp,p32i16,batched,gpu,false,5,0.180606,98,256,0.0001
qp,p32i16,batched,gpu,false,6,0.179984,98,256,0.0001
qp,p32i16,batched,gpu,false,7,0.179067,98,256,0.0001
qp,p32i16,batched,gpu,false,8,0.178995,98,256,0.0001
qp,p32i16,batched,gpu,false,9,0.179397,98,256,0.0001
qp,p32i16,batched,gpu,false,10,0.181842,98,256,0.0001
qp,p32i16,path,na,false,1,1.075714,101,256,0.0001
qp,p32i16,path,na,false,2,0.997292,101,256,0.0001
qp,p32i16,path,na,false,3,0.993779,101,256,0.0001
qp,p32i16,batched,cpu,false,1,0.53266,424,1024,0.0001
qp,p32i16,batched,cpu,false,2,0.673591,424,1024,0.0001
qp,p32i16,batched,cpu,false,3,0.656413,424,1024,0.0001
qp,p32i16,batched,cpu,false,4,0.537141,424,1024,0.0001
qp,p32i16,batched,cpu,false,5,0.691474,424,1024,0.0001
qp,p32i16,batched,cpu,false,6,0.542654,424,1024,0.0001
qp,p32i16,batched,cpu,false,7,0.581002,424,1024,0.0001
qp,p32i16,batched,cpu,false,8,0.619252,424,1024,0.0001
qp,p32i16,batched,cpu,false,9,0.607725,424,1024,0.0001
qp,p32i16,batched,cpu,false,10,0.612005,424,1024,0.0001
qp,p32i16,batched,gpu,false,1,0.393875,424,1024,0.0001
qp,p32i16,batched,gpu,false,2,0.392277,424,1024,0.0001
qp,p32i16,batched,gpu,false,3,0.391693,424,1024,0.0001
qp,p32i16,batched,gpu,false,4,0.391792,424,1024,0.0001
qp,p32i16,batched,gpu,false,5,0.392171,424,1024,0.0001
qp,p32i16,batched,gpu,false,6,0.395422,424,1024,0.0001
qp,p32i16,batched,gpu,false,7,0.394625,424,1024,0.0001
qp,p32i16,batched,gpu,false,8,0.391495,424,1024,0.0001
qp,p32i16,batched,gpu,false,9,0.391946,424,1024,0.0001
qp,p32i16,batched,gpu,false,10,0.392787,424,1024,0.0001
qp,p32i16,path,na,false,1,3.920174,437,1024,0.0001
qp,p32i16,batched,cpu,false,1,2.494034,1664,4096,0.0001
qp,p32i16,batched,cpu,false,2,2.163243,1664,4096,0.0001
qp,p32i16,batched,cpu,false,3,2.349593,1664,4096,0.0001
qp,p32i16,batched,cpu,false,4,2.376208,1664,4096,0.0001
qp,p32i16,batched,cpu,false,5,2.157119,1664,4096,0.0001
qp,p32i16,batched,cpu,false,6,2.370658,1664,4096,0.0001
qp,p32i16,batched,cpu,false,7,2.424349,1664,4096,0.0001
qp,p32i16,batched,cpu,false,8,2.160141,1664,4096,0.0001
qp,p32i16,batched,cpu,false,9,2.34791,1664,4096,0.0001
qp,p32i16,batched,cpu,false,10,2.412252,1664,4096,0.0001
qp,p32i16,batched,gpu,false,1,1.327728,1664,4096,0.0001
qp,p32i16,batched,gpu,false,2,1.325509,1664,4096,0.0001
qp,p32i16,batched,gpu,false,3,1.324726,1664,4096,0.0001
qp,p32i16,batched,gpu,false,4,1.323152,1664,4096,0.0001
qp,p32i16,batched,gpu,false,5,1.326916,1664,4096,0.0001
qp,p32i16,batched,gpu,false,6,1.33005,1664,4096,0.0001
qp,p32i16,batched,gpu,false,7,1.323598,1664,4096,0.0001
qp,p32i16,batched,gpu,false,8,1.32748,1664,4096,0.0001
qp,p32i16,batched,gpu,false,9,1.331634,1664,4096,0.0001
qp,p32i16,batched,gpu,false,10,1.428003,1664,4096,0.0001
qp,p32i16,path,na,false,1,15.503834,1693,4096,0.0001
qp,p32i16,batched,cpu,false,1,9.467169,6802,16384,0.0001
qp,p32i16,batched,cpu,false,2,9.367302,6802,16384,0.0001
qp,p32i16,batched,cpu,false,3,9.55423,6802,16384,0.0001
qp,p32i16,batched,cpu,false,4,9.532582,6802,16384,0.0001
qp,p32i16,batched,cpu,false,5,9.440348,6802,16384,0.0001
qp,p32i16,batched,cpu,false,6,9.479375,6802,16384,0.0001
qp,p32i16,batched,cpu,false,7,9.304971,6802,16384,0.0001
qp,p32i16,batched,cpu,false,8,9.5093,6802,16384,0.0001
qp,p32i16,batched,cpu,false,9,9.508871,6802,16384,0.0001
qp,p32i16,batched,cpu,false,10,9.41383,6802,16384,0.0001
qp,p32i16,batched,gpu,false,1,7.384833,6802,16384,0.0001
qp,p32i16,batched,gpu,false,2,7.362054,6802,16384,0.0001
qp,p32i16,batched,gpu,false,3,7.361213,6802,16384,0.0001
qp,p32i16,batched,gpu,false,4,7.400652,6802,16384,0.0001
qp,p32i16,batched,gpu,false,5,7.365688,6802,16384,0.0001
qp,p32i16,batched,gpu,false,6,7.369036,6802,16384,0.0001
qp,p32i16,batched,gpu,false,7,7.354212,6802,16384,0.0001
qp,p32i16,batched,gpu,false,8,7.440264,6802,16384,0.0001
qp,p32i16,batched,gpu,false,9,7.459234,6802,16384,0.0001
qp,p32i16,batched,gpu,false,10,7.726441,6802,16384,0.0001
game,T10,batched,cpu,false,1,0.014383,64,64,0.0001
game,T10,batched,cpu,false,2,0.014278,64,64,0.0001
game,T10,batched,cpu,false,3,0.013786,64,64,0.0001
game,T10,batched,cpu,false,4,0.050785,64,64,0.0001
game,T10,batched,cpu,false,5,0.015095,64,64,0.0001
game,T10,batched,cpu,false,6,0.015521,64,64,0.0001
game,T10,batched,cpu,false,7,0.041743,64,64,0.0001
game,T10,batched,cpu,false,8,0.013928,64,64,0.0001
game,T10,batched,cpu,false,9,0.015214,64,64,0.0001
game,T10,batched,cpu,false,10,0.014332,64,64,0.0001
game,T10,batched,gpu,false,1,0.055822,64,64,0.0001
game,T10,batched,gpu,false,2,0.056117,64,64,0.0001
game,T10,batched,gpu,false,3,0.056015,64,64,0.0001
game,T10,batched,gpu,false,4,0.052509,64,64,0.0001
game,T10,batched,gpu,false,5,0.051503,64,64,0.0001
game,T10,batched,gpu,false,6,0.051196,64,64,0.0001
game,T10,batched,gpu,false,7,0.051264,64,64,0.0001
game,T10,batched,gpu,false,8,0.051394,64,64,0.0001
game,T10,batched,gpu,false,9,0.051354,64,64,0.0001
game,T10,batched,gpu,false,10,0.051276,64,64,0.0001
game,T10,batched,gpu,true,1,0.044502,64,64,0.0001
game,T10,batched,gpu,true,2,0.04443,64,64,0.0001
game,T10,batched,gpu,true,3,0.044409,64,64,0.0001
game,T10,batched,gpu,true,4,0.04427,64,64,0.0001
game,T10,batched,gpu,true,5,0.044404,64,64,0.0001
game,T10,batched,gpu,true,6,0.044242,64,64,0.0001
game,T10,batched,gpu,true,7,0.044452,64,64,0.0001
game,T10,batched,gpu,true,8,0.044324,64,64,0.0001
game,T10,batched,gpu,true,9,0.044286,64,64,0.0001
game,T10,batched,gpu,true,10,0.044308,64,64,0.0001
game,T10,path,na,false,1,2.614678,63,64,0.0001
game,T10,path,na,false,2,2.617387,63,64,0.0001
game,T10,path,na,false,3,2.694442,63,64,0.0001
game,T10,batched,cpu,false,1,0.069984,256,256,0.0001
game,T10,batched,cpu,false,2,0.242637,256,256,0.0001
game,T10,batched,cpu,false,3,0.068166,256,256,0.0001
game,T10,batched,cpu,false,4,0.06762,256,256,0.0001
game,T10,batched,cpu,false,5,0.070096,256,256,0.0001
game,T10,batched,cpu,false,6,0.072362,256,256,0.0001
game,T10,batched,cpu,false,7,0.071348,256,256,0.0001
game,T10,batched,cpu,false,8,0.061088,256,256,0.0001
game,T10,batched,cpu,false,9,0.071107,256,256,0.0001
game,T10,batched,cpu,false,10,0.070857,256,256,0.0001
game,T10,batched,gpu,false,1,0.211813,256,256,0.0001
game,T10,batched,gpu,false,2,0.213148,256,256,0.0001
game,T10,batched,gpu,false,3,0.212481,256,256,0.0001
game,T10,batched,gpu,false,4,0.213448,256,256,0.0001
game,T10,batched,gpu,false,5,0.212126,256,256,0.0001
game,T10,batched,gpu,false,6,0.211794,256,256,0.0001
game,T10,batched,gpu,false,7,0.212103,256,256,0.0001
game,T10,batched,gpu,false,8,0.211804,256,256,0.0001
game,T10,batched,gpu,false,9,0.212321,256,256,0.0001
game,T10,batched,gpu,false,10,0.212709,256,256,0.0001
game,T10,batched,gpu,true,1,0.136557,256,256,0.0001
game,T10,batched,gpu,true,2,0.137274,256,256,0.0001
game,T10,batched,gpu,true,3,0.135853,256,256,0.0001
game,T10,batched,gpu,true,4,0.135933,256,256,0.0001
game,T10,batched,gpu,true,5,0.135437,256,256,0.0001
game,T10,batched,gpu,true,6,0.137122,256,256,0.0001
game,T10,batched,gpu,true,7,0.1378,256,256,0.0001
game,T10,batched,gpu,true,8,0.136319,256,256,0.0001
game,T10,batched,gpu,true,9,0.135449,256,256,0.0001
game,T10,batched,gpu,true,10,0.135639,256,256,0.0001
game,T10,path,na,false,1,11.349151,252,256,0.0001
game,T10,path,na,false,2,11.243309,252,256,0.0001
game,T10,path,na,false,3,11.243216,252,256,0.0001
game,T10,batched,cpu,false,1,0.465195,1024,1024,0.0001
game,T10,batched,cpu,false,2,0.498511,1024,1024,0.0001
game,T10,batched,cpu,false,3,0.364217,1024,1024,0.0001
game,T10,batched,cpu,false,4,0.477601,1024,1024,0.0001
game,T10,batched,cpu,false,5,0.292679,1024,1024,0.0001
game,T10,batched,cpu,false,6,0.369244,1024,1024,0.0001
game,T10,batched,cpu,false,7,0.358721,1024,1024,0.0001
game,T10,batched,cpu,false,8,0.46299,1024,1024,0.0001
game,T10,batched,cpu,false,9,0.304187,1024,1024,0.0001
game,T10,batched,cpu,false,10,0.452223,1024,1024,0.0001
game,T10,batched,gpu,false,1,0.816122,1024,1024,0.0001
game,T10,batched,gpu,false,2,0.823214,1024,1024,0.0001
game,T10,batched,gpu,false,3,0.819479,1024,1024,0.0001
game,T10,batched,gpu,false,4,0.819235,1024,1024,0.0001
game,T10,batched,gpu,false,5,0.819217,1024,1024,0.0001
game,T10,batched,gpu,false,6,0.97357,1024,1024,0.0001
game,T10,batched,gpu,false,7,0.818675,1024,1024,0.0001
game,T10,batched,gpu,false,8,0.821509,1024,1024,0.0001
game,T10,batched,gpu,false,9,0.818298,1024,1024,0.0001
game,T10,batched,gpu,false,10,0.817305,1024,1024,0.0001
game,T10,batched,gpu,true,1,0.671466,1024,1024,0.0001
game,T10,batched,gpu,true,2,0.53138,1024,1024,0.0001
game,T10,batched,gpu,true,3,0.528238,1024,1024,0.0001
game,T10,batched,gpu,true,4,0.529345,1024,1024,0.0001
game,T10,batched,gpu,true,5,0.52868,1024,1024,0.0001
game,T10,batched,gpu,true,6,0.529332,1024,1024,0.0001
game,T10,batched,gpu,true,7,0.54689,1024,1024,0.0001
game,T10,batched,gpu,true,8,0.661657,1024,1024,0.0001
game,T10,batched,gpu,true,9,0.529669,1024,1024,0.0001
game,T10,batched,gpu,true,10,0.531308,1024,1024,0.0001
game,T10,path,na,false,1,46.416324,996,1024,0.0001
game,T10,batched,cpu,false,1,2.359572,4095,4096,0.0001
game,T10,batched,cpu,false,2,2.280813,4095,4096,0.0001
game,T10,batched,cpu,false,3,2.424329,4095,4096,0.0001
game,T10,batched,cpu,false,4,2.447946,4095,4096,0.0001
game,T10,batched,cpu,false,5,2.498108,4095,4096,0.0001
game,T10,batched,cpu,false,6,2.319666,4095,4096,0.0001
game,T10,batched,cpu,false,7,2.429578,4095,4096,0.0001
game,T10,batched,cpu,false,8,2.429935,4095,4096,0.0001
game,T10,batched,cpu,false,9,2.460079,4095,4096,0.0001
game,T10,batched,cpu,false,10,2.256778,4095,4096,0.0001
game,T10,batched,gpu,false,1,7.165538,4095,4096,0.0001
game,T10,batched,gpu,false,2,7.226483,4095,4096,0.0001
game,T10,batched,gpu,false,3,7.105812,4095,4096,0.0001
game,T10,batched,gpu,false,4,7.105162,4095,4096,0.0001
game,T10,batched,gpu,false,5,7.106738,4095,4096,0.0001
game,T10,batched,gpu,false,6,7.104153,4095,4096,0.0001
game,T10,batched,gpu,false,7,7.106061,4095,4096,0.0001
game,T10,batched,gpu,false,8,7.104183,4095,4096,0.0001
game,T10,batched,gpu,false,9,7.105398,4095,4096,0.0001
game,T10,batched,gpu,false,10,7.10282,4095,4096,0.0001
game,T10,batched,gpu,true,1,2.351519,4096,4096,0.0001
game,T10,batched,gpu,true,2,2.297775,4096,4096,0.0001
game,T10,batched,gpu,true,3,2.295651,4096,4096,0.0001
game,T10,batched,gpu,true,4,2.295378,4096,4096,0.0001
game,T10,batched,gpu,true,5,2.295149,4096,4096,0.0001
game,T10,batched,gpu,true,6,2.296366,4096,4096,0.0001
game,T10,batched,gpu,true,7,2.295769,4096,4096,0.0001
game,T10,batched,gpu,true,8,2.295533,4096,4096,0.0001
game,T10,batched,gpu,true,9,2.296182,4096,4096,0.0001
game,T10,batched,gpu,true,10,2.295547,4096,4096,0.0001
game,T10,path,na,false,1,187.942023,3960,4096,0.0001
